148|RLP-006BR
164|RLP-006BK
188|RLP-006CF
94|MWS-032BK
169|MWS-032BR-CF
140|MWS-032BR
176|MWS-032BK-BR
132|MWS-032CF
181|RLP-016SBK
230|RLP-016SCF
224|RLP-016SBR
151|RLP-005SBR
153|RLP-005SCF
105|RLP-005SBK
53|MWS-027BK
161|MWS-027BR-CF
104|MWS-027BR
170|MWS-027BK-BR
126|MWS-027CF
834|RLP-014CF
716|RLP-014BK
872|RLP-014BR
217|RLP-015SBR
182|RLP-015SBK
230|RLP-015SCF
155|RLP-012SBR
107|RLP-012SBK
153|RLP-012SCF
144|MWS-029BK-BR
157|MWS-029BK
156|MWS-029BR
175|MWS-029BR-CF
157|MWS-029CF
44|MWS-W024BR
35|MWS-W024BK
38|MWS-W024CF
121|RLP-003BK
142|RLP-003CF
98|RLP-006SBR
72|RLP-006SBK
91|RLP-006SCF
44|MWS-030BR
91|MWS-030BR-CF
29|MWS-030CF
88|MWS-030BK-BR
53|MWS-030BK
403|RLP-014SBR
332|RLP-014SBK
430|RLP-014SCF
252|RLP-013SBK
354|RLP-013SBR
328|RLP-013SCF
128|RLP-002SBK
170|RLP-002SCF
239|RLP-012BR
232|RLP-012CF
192|RLP-012BK
6|RLP-007SBK
8|RLP-007SBR
4|RLP-007SCF
470|RLP-016CF
469|RLP-016BR
374|RLP-016BK
201|RLP-005BK
201|RLP-005BR
247|RLP-005CF
105|MWS-031BR-CF
78|MWS-031CF
116|MWS-031BK
161|MWS-031BK-BR
48|MWS-031BR
470|RLP-015BR
366|RLP-015BK
470|RLP-015CF
796|RLP-013BR
640|RLP-013BK
783|RLP-013CF
312|MWS-028CF
336|MWS-028BR
286|MWS-028BK
389|MWS-028BK-BR
384|MWS-028BR-CF
