72|MWL-G021BK
90|MWL-G021BK
111|MWL-G021CF
24|MW962-181TN
81|RYS-239BK
71|RYS-239CF
101|RYS-239BR
201|US04-W003RD
264|US04-W003NY
4|MW962G-8085TQ
224|US04-8362RD
189|US04-8362NY
36|RYS-242C-CF
81|RYS-242C-BK
91|RYS-242C-BR
124|MWL-G002BK
18|MWL-G002MSTD
91|RYS-227A-BK
95|RYS-227A-CF
83|RYS-227A-BR
118|RYS-250BR
120|RYS-250CF
34|RYS-250BK
80|RYS-233B-CF
80|RYS-233B-BK
139|RYS-233B-BR
6|US04G-9360NY
52|MW494G-9360BK-MUTI
24|MW494G-9360BK-WT
103|MWL-031CF
176|MWL-G016BK
191|MWL-G016CF
99|MWL-G016BR
31|MW494G-9110BK-MUTI
10|MW494G-9110BK-WT
2746|FCM-B105BK
1632|FCM-B105LP
4805|FCM-B105LLP
79|RYS-237B-CF
108|RYS-237B-BK
64|RLL-013CF
56|RLL-008CF
116|RLL-008NY
130|RLL-008TN
99|RLL-008GY
46|RLL-008BR
63|RYS-271BR
155|RYS-271CF
28|TR119G-8317BK
76|TR119G-8317CF
71|TR119G-8317BR
10|MW954G-918RD
25|MW954G-918TQ
251|RLL-007CF
107|RLL-007NY
53|RLL-007BG
163|RLL-007BR
77|RLL-007GY
74|RLL-007BK
99|RYS-255CF
117|RYS-255BR
181|RYS-245BR
182|RYS-245BK
140|RYS-245CF
117|RLL-005CF
36|RLL-005BR
88|RLL-005NY
35|RLL-005BK
731|RYS-240CF
642|RYS-240BK
205|US04G-8113RD
15|MW961-W010CF
2148|FCM-B109GN
2091|FCM-B109PP
2128|FCM-B109BK
2140|FCM-B109PK
2160|FCM-B109RD
465|RYS-224B-BR
560|RYS-224B-BK
501|RYS-224B-CF
591|RYS-224C-BK
547|RYS-224C-CF
475|RYS-224C-BR
144|RYS-243A-BK
324|RYS-243B-CF
223|RYS-243D-BR
139|RYS-283CF
52|RYS-283BR
64|RYS-229A-CF
114|RYS-229A-BK
35|RYS-229A-BR
1609|FCM-B108NY-2
1950|FCM-B108BK-2
1264|FCM-B108PK-2
1598|FCM-B108GY-2
3186|FCM-B108MUTI
114|RYS-229B-CF
31|RYS-229B-BK
74|RYS-229B-BR
35|MW952G-8575TN
72|MWL-029CF
175|MWL-029BR
95|MWL-029BK
16|SMT-004BR
16|SMT-004BK
16|SMT-004CF
115|RYS-270CF
175|RYS-270BR
24|TR114G-8113BR
76|TR114G-8113RD
6|TR114G-8113BK
842|FCM-073BK
842|FCM-073PK-LP
812|FCM-073BK-SK
863|FCM-073BR
864|FCM-073BR-LP
1748|FCM-073BR-SK
844|FCM-073CF
131|RYS-233A-BR
34|RYS-233A-CF
134|RYS-233A-BK
87|RLH-002CF
90|RLH-002BK
96|RYS-278BK
119|RYS-278BR
93|RYS-278CF
2|MW962G-8317TQ
95|MW955G-8461PP
94|MW955G-8461BR
94|MW955G-8461BK
94|MW955G-8461CF
95|MW995G-8317BK
94|MW995G-8317CF
94|MW995G-8317BR
93|MW995G-8317PP
162|RYS-231A-BR
122|RYS-231A-CF
127|RYS-231A-BK
46|MW952-181TN
137|RYS-230B-CF
136|RYS-230B-BR
74|RYS-230B-BK
26|RYS-284TN
62|RYS-284GY
102|RYS-284BK
341|RYS-269CF
151|RYS-269BR
121|RYS-226B-CF
136|RYS-226B-BK
133|RYS-226B-BR
495|RYS-224A-BK
525|RYS-224A-CF
364|RYS-224A-BR
23|TR116-W018TN
70|RYS-228A-BK
68|RYS-228A-CF
122|RYS-228A-BR
217|RYS-254CF
229|RYS-254BR
160|FCM-B107SL
9|FCM-B107BK
115|RYS-225A-BK
61|RYS-225A-CF
71|MWL-034BR
38|MWL-034CF
68|MWL-033CF
39|MWL-033BR
46|TR119G-9360CF
64|TR119G-9360BR
50|TR119G-9360BK
